{
  "post login" : {
    "transaction" : "post login",
    "sampleCount" : 200,
    "errorCount" : 49,
    "errorPct" : 24.5,
    "meanResTime" : 1336.3650000000005,
    "medianResTime" : 923.5,
    "minResTime" : 332.0,
    "maxResTime" : 3863.0,
    "pct1ResTime" : 3014.300000000001,
    "pct2ResTime" : 3560.95,
    "pct3ResTime" : 3766.8900000000003,
    "throughput" : 5.201695752815418,
    "receivedKBytesPerSec" : 2.6611194780748524,
    "sentKBytesPerSec" : 1.9641989225987673
  },
  "get-buyer-order-id" : {
    "transaction" : "get-buyer-order-id",
    "sampleCount" : 100,
    "errorCount" : 16,
    "errorPct" : 16.0,
    "meanResTime" : 978.0599999999996,
    "medianResTime" : 458.0,
    "minResTime" : 268.0,
    "maxResTime" : 3994.0,
    "pct1ResTime" : 2645.900000000001,
    "pct2ResTime" : 2976.3999999999987,
    "pct3ResTime" : 3993.7799999999997,
    "throughput" : 3.922183871979918,
    "receivedKBytesPerSec" : 4.442600983977879,
    "sentKBytesPerSec" : 1.7950885678145592
  },
  "get-seller-product-id" : {
    "transaction" : "get-seller-product-id",
    "sampleCount" : 100,
    "errorCount" : 47,
    "errorPct" : 47.0,
    "meanResTime" : 2776.0299999999997,
    "medianResTime" : 1066.5,
    "minResTime" : 281.0,
    "maxResTime" : 8657.0,
    "pct1ResTime" : 6874.800000000001,
    "pct2ResTime" : 7796.249999999999,
    "pct3ResTime" : 8655.82,
    "throughput" : 3.736641506613856,
    "receivedKBytesPerSec" : 2.5922950452133624,
    "sentKBytesPerSec" : 1.7160818044241835
  },
  "get-buyer-product" : {
    "transaction" : "get-buyer-product",
    "sampleCount" : 100,
    "errorCount" : 13,
    "errorPct" : 13.0,
    "meanResTime" : 1130.1699999999998,
    "medianResTime" : 882.0,
    "minResTime" : 280.0,
    "maxResTime" : 3472.0,
    "pct1ResTime" : 2120.6,
    "pct2ResTime" : 2457.849999999999,
    "pct3ResTime" : 3471.43,
    "throughput" : 3.4333585112957494,
    "receivedKBytesPerSec" : 2.511313989219254,
    "sentKBytesPerSec" : 1.7592944770136647
  },
  "get-seller-product" : {
    "transaction" : "get-seller-product",
    "sampleCount" : 100,
    "errorCount" : 41,
    "errorPct" : 41.0,
    "meanResTime" : 2150.0800000000004,
    "medianResTime" : 927.5,
    "minResTime" : 287.0,
    "maxResTime" : 6400.0,
    "pct1ResTime" : 6037.600000000001,
    "pct2ResTime" : 6305.65,
    "pct3ResTime" : 6399.98,
    "throughput" : 3.883495145631068,
    "receivedKBytesPerSec" : 2.701683859223301,
    "sentKBytesPerSec" : 1.7605810072815533
  },
  "post-register" : {
    "transaction" : "post-register",
    "sampleCount" : 200,
    "errorCount" : 74,
    "errorPct" : 37.0,
    "meanResTime" : 2271.2849999999994,
    "medianResTime" : 1722.5,
    "minResTime" : 343.0,
    "maxResTime" : 7600.0,
    "pct1ResTime" : 5864.300000000001,
    "pct2ResTime" : 6793.099999999999,
    "pct3ResTime" : 7209.650000000001,
    "throughput" : 5.036768409388537,
    "receivedKBytesPerSec" : 2.817196393044223,
    "sentKBytesPerSec" : 4.338187322139116
  },
  "get-buyer-product-id" : {
    "transaction" : "get-buyer-product-id",
    "sampleCount" : 100,
    "errorCount" : 9,
    "errorPct" : 9.0,
    "meanResTime" : 828.5,
    "medianResTime" : 489.5,
    "minResTime" : 260.0,
    "maxResTime" : 3316.0,
    "pct1ResTime" : 1796.5,
    "pct2ResTime" : 2212.2999999999997,
    "pct3ResTime" : 3307.4599999999955,
    "throughput" : 3.425713404816553,
    "receivedKBytesPerSec" : 2.8641172043609333,
    "sentKBytesPerSec" : 1.574891447706485
  },
  "get-buyer-order" : {
    "transaction" : "get-buyer-order",
    "sampleCount" : 100,
    "errorCount" : 19,
    "errorPct" : 19.0,
    "meanResTime" : 1078.6399999999999,
    "medianResTime" : 529.0,
    "minResTime" : 274.0,
    "maxResTime" : 4096.0,
    "pct1ResTime" : 2642.5000000000005,
    "pct2ResTime" : 3364.849999999997,
    "pct3ResTime" : 4095.71,
    "throughput" : 3.933910306845004,
    "receivedKBytesPerSec" : 4.463489931648308,
    "sentKBytesPerSec" : 1.7775973028127459
  },
  "post-seller-product" : {
    "transaction" : "post-seller-product",
    "sampleCount" : 200,
    "errorCount" : 99,
    "errorPct" : 49.5,
    "meanResTime" : 3984.7300000000005,
    "medianResTime" : 1861.5,
    "minResTime" : 454.0,
    "maxResTime" : 12415.0,
    "pct1ResTime" : 10029.6,
    "pct2ResTime" : 11281.299999999996,
    "pct3ResTime" : 12165.27,
    "throughput" : 5.431535495084461,
    "receivedKBytesPerSec" : 3.563331279533974,
    "sentKBytesPerSec" : 659.2673134437292
  },
  "put-buyer-order-id" : {
    "transaction" : "put-buyer-order-id",
    "sampleCount" : 100,
    "errorCount" : 19,
    "errorPct" : 19.0,
    "meanResTime" : 1428.1499999999999,
    "medianResTime" : 483.0,
    "minResTime" : 284.0,
    "maxResTime" : 9177.0,
    "pct1ResTime" : 4722.1,
    "pct2ResTime" : 7784.64999999999,
    "pct3ResTime" : 9175.179999999998,
    "throughput" : 3.914047516536851,
    "receivedKBytesPerSec" : 2.5644273626169323,
    "sentKBytesPerSec" : 1.8639886835101178
  },
  "delete-seller-product" : {
    "transaction" : "delete-seller-product",
    "sampleCount" : 100,
    "errorCount" : 53,
    "errorPct" : 53.0,
    "meanResTime" : 5009.05,
    "medianResTime" : 6470.5,
    "minResTime" : 295.0,
    "maxResTime" : 13367.0,
    "pct1ResTime" : 10808.500000000005,
    "pct2ResTime" : 11568.899999999996,
    "pct3ResTime" : 13362.399999999998,
    "throughput" : 3.2724654754892333,
    "receivedKBytesPerSec" : 1.0300596406832907,
    "sentKBytesPerSec" : 1.5732122112049218
  },
  "Total" : {
    "transaction" : "Total",
    "sampleCount" : 1500,
    "errorCount" : 478,
    "errorPct" : 31.866667,
    "meanResTime" : 2226.2306666666695,
    "medianResTime" : 1048.0,
    "minResTime" : 260.0,
    "maxResTime" : 13367.0,
    "pct1ResTime" : 6855.9000000000015,
    "pct2ResTime" : 8300.0,
    "pct3ResTime" : 11299.44,
    "throughput" : 35.13127385999016,
    "receivedKBytesPerSec" : 24.14069727527695,
    "sentKBytesPerSec" : 584.3796475747711
  },
  "post-buyer-order" : {
    "transaction" : "post-buyer-order",
    "sampleCount" : 100,
    "errorCount" : 39,
    "errorPct" : 39.0,
    "meanResTime" : 2830.02,
    "medianResTime" : 1086.5,
    "minResTime" : 284.0,
    "maxResTime" : 9689.0,
    "pct1ResTime" : 8275.2,
    "pct2ResTime" : 8542.4,
    "pct3ResTime" : 9683.969999999998,
    "throughput" : 3.4158838599487615,
    "receivedKBytesPerSec" : 2.2518814047822375,
    "sentKBytesPerSec" : 1.8038802305721606
  }
}